Date,Count
2026-04-18 01:55:15.684039,111
2026-04-19 01:55:15.684039,88
2026-04-20 01:55:15.684039,78
2026-04-21 01:55:15.684039,114
2026-04-22 01:55:15.684039,133
2026-04-23 01:55:15.684039,100
2026-04-24 01:55:15.684039,90
2026-04-25 01:55:15.684039,122
2026-04-26 01:55:15.684039,125
2026-04-27 01:55:15.684039,142
2026-04-28 01:55:15.684039,153
2026-04-29 01:55:15.684039,136
2026-04-30 01:55:15.684039,178
2026-05-01 01:55:15.684039,149
2026-05-02 01:55:15.684039,141
2026-05-03 01:55:15.684039,119
2026-05-04 01:55:15.684039,149
2026-05-05 01:55:15.684039,151
2026-05-06 01:55:15.684039,181
2026-05-07 01:55:15.684039,174
2026-05-08 01:55:15.684039,145
2026-05-09 01:55:15.684039,175
2026-05-10 01:55:15.684039,189
2026-05-11 01:55:15.684039,209
2026-05-12 01:55:15.684039,200
2026-05-13 01:55:15.684039,201
2026-05-14 01:55:15.684039,190
2026-05-15 01:55:15.684039,200
2026-05-16 01:55:15.684039,221
2026-05-17 01:55:15.684039,173
